<timetable>
    <days>
        <monday>
            <period1>
                <name>SADP</name>
            </period1>
            
            <period2>
                <name>MC</name>
            </period2>
            
            <period3>
                <name>CNS</name>
            </period3>
            
            <period4>
                <name>MEFA</name>
            </period4>
            
            <period5>
                <name>WT</name>
            </period5>
            
            <period6>
                <name>CC</name>
            </period6>
            
            <period7>
                <name>SPO</name>
            </period7>
        </monday>
        <tuesday>
            <period1>
                <name>MC</name>
            </period1>
            
            <period2>
                <name>WT</name>
            </period2>
            
            <period3>
                <name>MEFA</name>
            </period3>
            
            <period4>
                <name>CNS</name>
            </period4>
            
            <period5>
                <name>PRO</name>
            </period5>
            
            <period6>
                <name>PRO</name>
            </period6>
            
            <period7>
                <name>LIB</name>
            </period7>
        </tuesday>
        <wednesday>
            <period1>
                <name>CNS</name>
            </period1>
            
            <period2>
                <name>MC</name>
            </period2>
            
            <period3>
                <name>SADP</name>
            </period3>
            
            <period4>
                <name>MEFA</name>
            </period4>
            
            <period5>
                <name>MC</name>
            </period5>
            
            <period6>
                <name>SPM</name>
            </period6>
            
            <period7>
                <name>SPO</name>
            </period7>
        </wednesday>
        <thursday>
            <period1>
                <name>SADP</name>
            </period1>
            
            <period2>
                <name>MC</name>
            </period2>
            
            <period3>
                <name>CNS</name>
            </period3>
            
            <period4>
                <name>MEFA</name>
            </period4>
            
            <period5>
                <name>WT</name>
            </period5>
            
            <period6>
                <name>SPM</name>
            </period6>
            
            <period7>
                <name>SPO</name>
            </period7>
        </thursday>
        <friday>
            <period1>
                <name>SADP</name>
            </period1>
            
            <period2>
                <name>MC</name>
            </period2>
            
            <period3>
                <name>CNS</name>
            </period3>
            
            <period4>
                <name>MEFA</name>
            </period4>
            
            <period5>
                <name>WT</name>
            </period5>
            
            <period6>
                <name>SPM</name>
            </period6>
            
            <period7>
                <name>SPO</name>
            </period7>
        </friday>
        <saturday>
            <period1>
                <name>SADP</name>
            </period1>
            
            <period2>
                <name>MC</name>
            </period2>
            
            <period3>
                <name>CNS</name>
            </period3>
            
            <period4>
                <name>MEFA</name>
            </period4>
            
            <period5>
                <name>WT</name>
            </period5>
            
            <period6>
                <name>SPM</name>
            </period6>
            
            <period7>
                <name>SPO</name>
            </period7>
        </saturday>
    </days>

</timetable>